prompt,Generated Response,timestamp
make any java program code,"open or to the right, in the main window of the program. After the program has finished, it is ready to run.

Example code:

java -jar java.lang.String.toString(jar, java.lang.String.toString())

JavaScript code:

java.lang.String.toString(java.lang.String.toString())

JavaScript code:

@(JavaScript.class)public void get() { var result = new java.lang.String(9); // return java.lang.String(9); }

JavaScript code:

@(JavaScript.class)public void get(java.lang.String, java.lang.String.toString()) { var result = new java.lang.String(9); // return java.lang.String(9); }

Conclusion

The Java Object Model is well documented and can be used in many different ways. It is well-documented in the Javadocs, the GoDocs and the GoDocs. If you are interested in further learning about the Java Object Model, check out the JEP 6 Java Tutorial.

If you want to learn more",2025-10-16 17:02:21.529321
